[
  {
    "id": "3JYTTJ",
    "licensePlate": "79417548",
    "status": "Maintenance",
    "createdAt": "2025-10-22T21:44:28.790Z"
  },
  {
    "id": "EATI4A",
    "licensePlate": "69784598",
    "status": "InUse",
    "createdAt": "2025-10-22T21:44:28.807Z"
  },
  {
    "id": "NUA4D8",
    "licensePlate": "08620160",
    "status": "InUse",
    "createdAt": "2025-10-22T21:44:28.812Z"
  },
  {
    "id": "1HU33F",
    "licensePlate": "59421470",
    "status": "InUse",
    "createdAt": "2025-10-22T21:44:28.818Z"
  },
  {
    "id": "34S4UU",
    "licensePlate": "36060509",
    "status": "InUse",
    "createdAt": "2025-10-22T21:44:28.822Z"
  },
  {
    "id": "280ZIB",
    "licensePlate": "36149425",
    "status": "InUse",
    "createdAt": "2025-10-22T21:44:28.826Z"
  },
  {
    "id": "3INXXU",
    "licensePlate": "87017927",
    "status": "Available",
    "createdAt": "2025-10-22T21:44:28.831Z"
  },
  {
    "id": "1RTEQG",
    "licensePlate": "23111828",
    "status": "Available",
    "createdAt": "2025-10-22T21:44:28.836Z"
  },
  {
    "id": "3UCMKK",
    "licensePlate": "87408640",
    "status": "Available",
    "createdAt": "2025-10-22T21:44:28.841Z"
  },
  {
    "id": "2PSR1N",
    "licensePlate": "84093322",
    "status": "Available",
    "createdAt": "2025-10-22T21:44:28.846Z"
  },
  {
    "id": "VQJ6GB",
    "licensePlate": "01042938",
    "status": "Available",
    "createdAt": "2025-10-22T21:44:28.851Z"
  },
  {
    "id": "1U4JDJ",
    "licensePlate": "51049772",
    "status": "Available",
    "createdAt": "2025-10-22T21:44:28.854Z"
  },
  {
    "id": "WOA1IM",
    "licensePlate": "27637240",
    "status": "Available",
    "createdAt": "2025-10-22T21:44:28.857Z"
  },
  {
    "id": "2O8TTQ",
    "licensePlate": "04076192",
    "status": "Available",
    "createdAt": "2025-10-22T21:44:28.861Z"
  },
  {
    "id": "11N1CN",
    "licensePlate": "75715119",
    "status": "Available",
    "createdAt": "2025-10-22T21:44:28.863Z"
  },
  {
    "id": "2FI6VQ",
    "licensePlate": "39628287",
    "status": "Available",
    "createdAt": "2025-10-22T21:44:28.868Z"
  },
  {
    "id": "7LPBIH",
    "licensePlate": "02972348",
    "status": "Available",
    "createdAt": "2025-10-22T21:44:28.871Z"
  },
  {
    "id": "23UU3T",
    "licensePlate": "92977852",
    "status": "Available",
    "createdAt": "2025-10-22T21:44:28.874Z"
  },
  {
    "id": "2X1J8H",
    "licensePlate": "18945501",
    "status": "Available",
    "createdAt": "2025-10-22T21:44:28.877Z"
  },
  {
    "id": "21CVY0",
    "licensePlate": "75301243",
    "status": "Available",
    "createdAt": "2025-10-22T21:44:28.880Z"
  }
]